bicynidbmrrkkbfekrkw,undakidbmrrkkbyekrkw
odbcveezajnspipbyjkq,tdbckeezajnspipamzvq
qnvruzvtpqvnlqbyufxc,knvsumvtpqvnlcbxufoc
msykagsculalhmrqxbuj,qsykggsculalhmrerbon
yobaeogaizlvinunadtc,aosaeogaizlvimcnsdtx
umakipbyrknlauufncwv,cmavbpbyrknlazufncqm
rjeuyjymlerkqdufzsmn,ameoyjymlerkqduyzsyy
wvojnzyafqkqqrekqdrx,qvhjgkyafqkqqiekqnrx
bqcgqgyagishctkckrre,zqcaqgyagishctixtrrq
kmhqetuazzttpkwsdwbl,zmhqptuazzttplzgdwgl
mzbnmqifrmlcjdiqtkbm,psznmxifrmlcjdlqthbm
uoiosslhwoqsikbfdanv,psiesslhwoqsikblmanh
tboqtyjwsakxmhwcijfn,wgoqtyjwsakxmgbjirfn
fyxqgjpohjqcdotrrizg,dybqgjpohjqcdosnziug
nqlepegghbhgcmaanukr,fjledkgghbhgcmwanukv
kgqaxlzeohnhqvnmrgmc,ydqfxdzeohnhqvnprgmm
rtaoqljlgmbdqydsvkxc,etaafljlgmbdqyckvkbc
dehongvmbbedowcevblo,cehwagvmbbedojlevbwo
mlzhbbrcdhjherzaztyu,elzhborcdhjhebtajtlu
kwazlqyaujcmxftkodxt,wwazcqyaujcmxfgkgdyl
nypjurrfmaixayuvfygl,dycmubrfmaixayuvfigm
einctiqzrdvrdkjzzuyv,dudczpqzrdvrdkjmzuyv
lvfemanghaznezcfrinf,nitemcnghaznezvfrwnf
rwgjjtrzvkavejjgngpb,shcpjtrzvkavejtgnggb
mswnwrlcgcobrjwagvbe,oypnwrlcgcobrjwauvnl
vfuvmnvvdcbgevzuezwv,xfuvmivvdcbgejnugrwv
qvrcastweqytvtdouhuz,zorcaltweqytvvdyjhuz
ryssuzkgfblbsdpzlynv,tymeqzkgfblbsdpzlvxv
dypqyhuzqpkktunzyuik,yyxbwhuzqpkktunqyuxk
yelbeezufvvmxzfyrhqu,pfljeezufvvmxzflwhru
uohcnxpmkbunnwckooad,xwhcsxpmkbunnpckyoaz
swkvhbfeuogvpnualuei,lwgvhcfeuogvpduasufi
qatpqnmwpczgflhkwnxp,iacpxnmwpczgfdmkfnxp
gccnuuoxnowbnbdjqmmx,pnrkuuoxnowbncdjqgmx
zjkwjektplhrybtpegkh,yjkwfhktplhrybtoqgkl
puoozinxjcumodtkmsst,nqopvinxjcumodtkussi
thyjfqhwnzxcsmrclowu,nhyeffhwnzxcsprcliwt
htgjgstbyjygtoaffykt,ibmggstbyjygtcaffyft
onfdrqbtvhudnehvjfoy,anfurqbtvhudnqkvjoon
xtfseghjxvzoqevswzgf,dtfdkghjxvzoqevvfzgx
apxyuvmhruzhztnwczii,hpxgawmhruzhztnwxcii
nqjpcfokqcnrjdyouaei,dqjxcqokqcnrjqyluaem
dhlwiisqcdauwlloomef,phlzeisqcdauwzloomws
hxznlmfislymrwnvuawh,uxzlpmfislymrwnxuukh
wauokovbhaiezifpfvyu,mausqbvbhaiezifpnvsu
nizwvkzechxyoujclfni,bhzwvkzechxyoujfpzno
hdqpbttzleghawccqrqp,ldqpnvtzleghawcvgrrp
tggbvvqgujipjermkehe,ogbbxvqgujipjzrmkame
tysbutmxyxkudfugyjun,gysbskmxyxkudfukyqsn
wyviuplqslfopqcueeun,vpviuplqslfopvhueegk
aguhfteihnesqmmxgacx,igubqteihnesqmmxgllg
vmmrcrjuymwfsnfkhlrx,ukmzcrjuymwfsnpkhxdx
apatwbmcfwdekugihgyh,qkstebmcfwdekugxfgyh
xpxpsvthdndocvxlvceo,ipzujvthdndocvxldieo
havilldhqjazcwxwicyv,mavikldhqjazcwowucgr
npbczybddpmgqwqwxarx,epbxsybddpmgqfqwxaus
uwjicoaciqcinvxzvokd,twjucoaciqcinvxjrysd
kpuusjfgyhzuokccphom,spuuzsfgyhzuoxjcphow
rsrxaxqdoveepnevoxdi,ksekwnqdoveepnevojdi
chsxbqmlnyubihjovrgo,whjelqmlnyubihjofrko
cmlhnxoyfajqtawhonfj,ialhbloyfajqtawkonfe
nxvscgyofaredefzrrrq,zqqsmgyofaredeffrrxq
npdawtigumtukxqsarff,medltpigumtukxqrarff
oxjezdyhzspwkcglvxag,zzjezxyhzspwkcuzvxqg
ohgmdsrtmlduggbhqyuz,nhgjzwrtmlduggbhyyuv
fsdajrinvcakvmnuslsj,oswdjrinvcakvmlgslsy
bwanftudhjvlsyisfjrf,auanfcudhjvlsysbmjrf
xcicrgbrqwtoqbejikrn,gcitoobrqwtoqbejharn
fintpbkjqwbgpeulwllk,dvntpbkjqwbgpwulutlf
kigqwkvxvhpjwryrshkv,xigqwkvxvhpjwlzpsqkb
studmrerjpcijddfplev,ltcdorerjpcijedfplwu
nbwowfqhbgqffbuwarfy,yipomfqhbgqffmuwgrfy
kbenhqditcyurcarxtcl,obephqditcyurcabbtic
ufamyggqycjtbmoyropj,hfeuyggqycjtbmnlropr
gmkleldubyymxcoqirlk,lmaleldubyymxcofonly
xmxoqjjyylqphspkvmci,kmsoxjjyylqphnpkymcb
pyfokbaobjcmqekfiuev,kyrgkbaobjcmqukfitem
pjgrcjieyymisvbddhto,vugcljieyymisvoddhdo
jbavrgfkvrixllskntoi,bhwvrjfkvrixllnkftoi
kkmeyeftkjgnoqirruql,bkmexzftkjgnolirwuqa
fzzobeuaceghwofdzxhr,dmzwbeuaceghwofdshur
gpfbcpulzhwwcvsymnlk,jtfbcpulzhwwcvsyswqi
bpwtzrkvmxaklhoirlea,aqwyzrkvmxaklhvprlev
qfnuymsvlwtprlzklwtj,zfnuygsvlwtprzskfwuj
taxfvkdytzpwicjkysdi,aaxqvidytzpwidjkrzdi
lenxbbxtnvcqtifuesgi,aquxbbxtnvcqtlfpesgv
dsotgukhkcujtxnnxhiv,jsuxgjkhkcujthnnkhiv
cepwdjebsmcpduxxhpmc,necwsgebsmcpdmxxhzmc
opsxxphnyyxlnpcxmpjh,ppsqxphnyyxlnpcpjpap
qtqjpzsdkmcsibbavwdj,rtbxzzsdkmcsibbazgdj
xoucokddlofcchxbxkxf,kcjcqcddlofcchxbxkxd
gvtkyxmotngzcjdhthjc,znteyxmotngzcjohthkm
mtksgypfoyimykkbmlvs,dtkmbepfoyimyksbhlvs
fpkshpkipihyokpzsyuz,rpusibkipihyokpzsszz
fhhxncxwpaszrroxukev,mihxnlxwpaszrxoxaken
iuilgpbsitweeiddnpwq,huitgpbsitweehddvpxp
tyxasuavugsnolaeocvj,nyxxsuavugsnozaehcnw
yehiuzdakqcbypitaxct,fenjuzdakqcbyputaxgr
lbkwrjzazuzelanzhjec,gbkxzjzazuzelurzhuec
zmxyrbxsykwzbndvpyah,dmxyzbxsykwzbnjvoyjz
fzsizkuivfztihyaxodw,zjqikkuivfztihyoxohw
frbuezhpxzfaquweghes,rrvukzhpxzfaqbwegbeg
pwxxdtjayeifhonpgrvd,mdxxdtjayeifhbnigxvr
zqwanyfhhsedqeznswjl,jqkafyfhhsedqfztsdjl
zsvyjoxgnqacoexermpz,bryyioxgnqacoecirmpz
qfewsxpeswqtungehkvh,efewsapeswqtunfedgvg
eccboufqdngtpgzrnxwb,fgyboufqdngtpyzfnxwn
brkgreomlyylxtadqqqr,nrklbxomlyylxthdjqqr
ujjkzurpavbbsybudwmq,cjelzurpavbbslbubjmq
gpxhsjoavoppgcemdtsz,rpvosioavoppgoemdtdz
tyiqmfepnzqvcbjnmpmt,hyivmfepnzqvchabbpmt
kgbymplnlimxqrjathey,bebjmplnlimxqrjsmvey
jcawhrqtxlodzrytnniq,xhqwhrqtxlodzbytrnwq
laicnecynkdeyoyivoaj,aawcnycynkdeyoyxvrwj
fvudahlcjmhgmddokdng,rvugfhlcjmhgmddukddn
ayrwyhzcywibdeujvghj,rrrvymzcywibdeujhguj
ginborjvrcvwaskimwwa,cifbowjvrcvwasnimwfu
aabpdiiaoapoumzmanvg,ralkdyiaoapoumhmanvl
kjzemzwkebcanxhstarw,nbpdmzwkebcanxxsyarw
hxxadmahhimuikowrwvy,wxxaumahhimuikutowva
fmfvaiozdsiwissabvgd,jmcvqiozdsiwihsobvzd
sdzpfhfbhvugntzntsvo,rdipqhfbhvugntbntlro
pyufjokeesapjozijoob,fwlfowkeesapjozikoob
erakwxjqlxezbknjxoip,wrjlwfjqlxezbfnjxobp
mnkcgygtgljegcqdefmc,tnzzgygtgljegcqoefzk
bwtzobrpgyjiixsyrgpj,wwolebrpgyjiixskrnpj
ixvlfrjncojdzujkcfjb,txvllzjncojdzurkcxdb
eqhfwcdxmxtugnfdbnft,pqdnwcdxmxtugvcdbnfn
jtojixpgplarbrxrwdja,hjotixpgplarbrxrtsma
tsobsusiwpnaqowjgzso,bgubsusiwpnaqcwgqzso
abkklorzwihxtxiygmsy,rblynorzwihxtxixgmcy
tmyvskihfxjmxqfpbxlt,zoyvskihfxjmxqfbapln
cvhajdgznbbcgkvcqbpv,pvharngznbbcgdvcqszv
uhlvvszvsqayauyyfogf,ahtivszvsqayagyyaegf
jazwpibgraokucdynazu,dagwpdbgraokucdksaju
xsguwrhggjddhrvgrpns,rafuorhggjddhrvgyrns
awmhovcdwposrfemllua,zwzhorcdwposrdemlquq
duwxptrackilpnpgfkfo,pugnjdrackilpnpgfifo
giiorfvbsozyfjyqkziv,viisrmvbsozyfjxakzim
xpxsscyribjxfoevbeky,epydswyribjxfoelbuky
roqztvpkcbalyfpxotto,pknzqvpkcbalyftxotta
nwwxptjqkwvozncrkjut,rwrjptjqkwvozncimyut
tknwcprlapfjomdtoclv,nnnwaprlapfjomsqeclv
dyeyftmopowpnprudbjr,nyeyjtmopowpnsrjvbpr
zawwylvocbjmqzvmnbhs,slwwylvocbjmqrnmnuhi
hyujffraejcxgeamitwe,oyxhcyraejcxgefmitwe
iqsisucwatnsinucbecd,yqsijucwatnsinutbifz
icefwbfxlcdydqyexlfr,nvelwbfxlcdyduyenler
gdthowenltdoodvggebm,idthmwenltdoodogneox
hegglyadulcyanlfhown,qejgvyadulcyanldalwn
iwzishetajljdqahlnws,ywkishetajljdswbxnws
zgdqshedccjmtxwnajuz,ggnqsgedccjmtfwnamnz
rpoqkqzpmolumwnjqklj,egophqzpmolumwnswklj
luienvdkdovwrjmjynby,iuizxydkdovwrjmgywby
skkpzlkesdcxgbywsdgb,cxapzhkesdcxgbyysdmb
eouzemwzcbxcarokyjsd,qouzexwzcbxcawokfjjw
pxxuvvcxavryirjpbfxv,drwuvmcxavryirgpsfxv
hzetqwjodfstnbmrpmxj,tjetqwjodfstnbmeaxxz
zvuwcwwhqnhinhbfhozs,qluwjuwhqnhinhtthozs
utmfgwjgcrtaoykbftvb,okmjjwjgcrtaoykbntvx
fwkbfdeofqannykxjera,rokdodeofqannjcxjera
nwfqlzvfbmqvmycchoyo,xkfqmkvfbmqvmycchsyp
fgmihoelasjgutrfxiqj,dgzfhoelasjguhlfxiqb
yqrjcjdidmukhubbjdzd,xqrjjadidmukhubgcdwd
xfckpklrzabnhintagsa,ffanimlrzabnhintagha
szygkprdamalrwleyhyw,fzygwhrdamalrblemhaw
pvirupdpmshzgcsozddc,cfiruedpmshzgdsbzudc
kmyoxkcvsnylliewavgy,omyocbcvsnyllimxvvgy
ahjpctutezkfwdawerxa,hnhpcfutezkfwdewerxj
qbfjdzpahqyebctcumjy,tbfjlepahqyebctfuymy
kvvwvfqhhyzuyeoyelck,amvwvjqhhyzuyeofelhc
mlzgtxuvlueslekjyyuf,vlzgymuvlueslekjlpjf
eokmfbcwjirtfriuyroz,bzkplbcwjirtfriwyrov
kmdsmxgndlcvuxeqhudq,ljdslkgndlcvuxekhudz
wloemoiovphpwpsdmjds,zqoemhiovphpwordmvds
fvpawtgflrxofvozigxo,jvpizlgflrxofvqwigxo
eetxsklqovshmjrvitqi,ietxyklqovshmjrqiayk
urwwbjcrbfvtbgcvzufs,wywwbccrbfvtbgyrzsfs
zyngfyyoonzhpsqlynzi,bypgfryoonzhpgqlynxb
kpcfbedskbcaoinmdbdu,zphsbudskbcaojnmdpdu
pyledmlxmodefdzgovni,spledllxmodefdxgoviv
iqmuwhqbhgfoougsiyow,lqmsldqbhgfoougsuyog
vtzwlaraivtesqaebwbr,stwwlaraivtesuqkbxbr
boulgusrsasigxsokyui,morcgusrsasigxsopyap
xoazfmdzlfwwjoivrdkm,ryazfmdzlfwwjopkrdex
nyxxwsjzcogwrjtgefim,ysxxwsjzcogwrvcgbftm
grzkhncslfpzmmglupjl,ercdhncslfpzmmgxuehl
atmbjhvzdqdfcyclqnii,xtkajhvzdqdfcjclqzmi
rzydfgupszzpnwdztefy,edydfgupszzpnqdzbffg
icphptuayvqtiajomdfl,fgphutuayvqtianzbdfl
jpseabixtyvbzprjpkka,spswabixtyvbzjrjpufp
ejjxchhnbctojpehygkv,hjjvchhnbctojpeqghko
yumhcldsfzwttssalrfz,zumztldsfzwttisblvfz
jcvnpbnfmvvtdfmgwzlz,ucvbgrnfmvvtdfcgozlz
kewcghgrbjvoelamwkzn,oepeghgrbjvoeljmwrwn
vkxdopspqptkwunfqsiu,ekxdmpspqptkwnnfqdnz
ztvxgrkopxcpcgzfajof,gtvxwrkopxcpcgffaeet
cyylfuroupevxdlhrcul,nrrlfuroupevxdohrlcl
aplwwzppxnwdafyiaakx,splwszppxnwdafynqbxx
izbjmyjqdbssqmjjpvzl,bzbjmqjqdbssqmqqpizt
ldjqcpqxatghgjfhytby,udjqcpqxatghgxjrytvq
wjcpuefxqbhlkzqxbqzq,jdbpuefxqbhlkzqxazvq
qtgdliuhuxcikzbljfwe,rbgaliuhuxcikvtljfwo
dmlblpeayujbxurnmpgk,mmlbvpeayujbxuramdyf
umzusczeabhuyhfmfibu,ehvusazeabhuyhfmbibw
bzrrzzvdpkrqjayayexc,czrrzqvdpkrqjaypqhxf
mlqiwwjseuuqzlswehiu,rlxiwxjseuuqzlrxehsu
qrqesmmpqugsvftotjap,jrqeskmpqugsvrtetpbp
dsdtgwpezjabldewqyfx,gddfglpezjablmvwqyfx
sdpxythppcifwlxxapdk,pwpfyrhppcifwvxxapdy
kyqpstfhwuujgihddeqi,jycpsofhwuujgihqdlqj
gadynxrltwfoikpavdbw,waqynurltwfoikpkahbw
ahncpzgmzhvixiunadkc,jhgtpzgmzhvixiqcmdkc
zdffexflnztuqztuqmtl,aoffsxflnztuqztzbntl
leivmljtfywhkoewyzhz,gfiazljtfywhkoewyvht
ycuupspzacyhxigbrebe,dcudbspzacyhxiwvrehe
syxwgmetaqspyewwyjsx,dyxnometaqspybwwyzsu
syfpaaazcyypvdckmmtx,hyfjnyazcyypvcckmmte
wkxwdqiickastlmxelbm,xtkpdqiickastlmxelac
uvpkrbhtsgxdigivuuyk,lvpkrbhtsgxdigxpfpsk
vdtlluuhvrdwljkmsxpq,xatxluuhvrdwlhkohxpq
tqvugcnwqjdaegbikuwz,imvugonwqjdaegznguwz
bbdlwbpwhuziirhoalma,rbdllbpwhuziiihphlua
jkqssqjhoghytpxgfcjn,queseqjhoghytrxgfcyn
sykzlwcudpmwumumcpsb,hypblwcudpmwuubmcpsq
qpbolskaohqencdtxvgv,hebclkkaohqenbdtxvsv
gotzqzzbepipjpjxznpi,eutzdrzbepipjpjxzsph
hgnbdhpmnxqnidgtucra,fgrbdwpmnxqnidstycrm
eewlrtsfwtjjouhumiqh,yewtrssfwtjjochpmiqf
bxndbjbegkbgrucnhycz,wxodvjbegkbgrucdhywe
kmykyveqtwlilhopmcbw,wmbktveqtwliliopmcft
kgvdsszejazguqefvsfk,xivdshzejazguqdfvscv
pkelgqbnpaxlhcazwczr,aketeebnpaxlhpazoczr
dcluaazjuatrvtihusal,oclurrzjuatrvgihwsjl
fedioeooygzhwoysuzsv,gbdywxooygzhwoysursv
vyxhhqvjeyojlrnyyauv,sjxhmtvjeyojlrisyauv
fiwaxzzogddzsdqrewff,ijohpzzogddzseqrewff
vxrzfapkrybjzrhfltsq,gxrifjpkrybjzmhpltcq
rzwpxtodsscgsqrryrwj,pzxrxtodsscgsqrritwt
pchsvajhqfczaxnjlvac,nxhsvjjhqfczaxnjqylc
yrckihjncyoaxsegmutb,myckihjncyoaxnenmstk
keaativbvyxpoxxjklpq,uelathvbvyxpoxxlgljq
buntsfkrxysscqbpzjya,quxtsrkrxysscgbptjys
jtfsgsehxixgnqshtcgk,ttfsdnehxixgnhkhzcgk
ohzziagqyfkawpesmtvh,ghzoxlgqyfkawpesmfsh
rlooobsihndsirgpjnnb,xmeooasihndsirgprnnm
rnzcekauaxtuuqexauhq,zntcekauaxtuukeaaihx
fdyjwgumgwymvutzwkfw,ylyzpgumgwymvutlwkfp
magpzxdijtfiktkmmpit,pmxozxdijtfiktkpmvit
eclundwpkukferlwjrdc,qdlgxdwpkukfeklwtrdc
ugcqyycsebauafaknxyr,bgtqmpcsebauaflkncyr
covkgkxhhypbuvflkguj,dxrkgkxhhypbuifdkgvj
obmgyctdhqnvqpyprddw,jbagmctdhqnvqpnptddl
rhfzutqmcowrpbhhjccv,qhbzumqmcowrplhbjccs
vvzzrtmytftrmujfsscf,hlzzstmytftrmulfssos
sruxuocxfjvwasvfxmub,mrwxuocxfjvwatvfxukx
zwoiwxpaicilotadhcer,mmoowppaicilotayhceo
embqebxexceufsmejxdt,bmlqkyxexceufsmejfdi
kdfdcxtwmtflsinpoxmb,bxfdcxtwmtflsfygoxwb
fnzscfvjvjvoutdotksm,ahbscsvjvjvoutdetkcm
wvgsvipvxjmugywghnao,yvgsvipvxjmugeorhyam
wmjesmewkyokmxsyajbf,vmjgsmewkyokmxtydtba
wdnamcessmmyzuawgaqq,cdwxmcessmmyzuawvmqo
ylqxbftqcmvekuwkmdid,ogqxbdtqcmvekuwkpdzw
jvqmyzqivxuokkawlkha,cvsmyqqivxuokxahlkhd
uuuwevobxzsiyqrehgzk,cbuwevobxzsiyjweirzk
vxhbirovcddjoxodvbrw,axubirovcddjoioqvbgb
yszdiejjmuurdaundzii,gszmaejjmuurdeyndpii
qjarecfljviyngpkdtvt,cjermufljviyngpkdpvq
myzvuqiikmohiaahrxrp,eyzvuqiikmohivaadxwj
yetrjtsndmpmqpiwlnev,wetgjnsndmpmqpiqlrez
aapkwssczlsdqvkvymuu,xkpkissczlsdqokvyfgu
ofueaahcgfwtgsigaald,xfrevahcgfwtgrixazld
qtjivosxpzusycknyxsi,nvjivosxpzusycknizbk
cedhaipwoboaoiuqecko,fpdhwipwoboaohuoejko
kltrwopmjemnyoslciee,zakrwrpmjemnyosljqee
psbgakswrwservktffhz,kabgakswrwservwuffwl
mhokzuaonjaipjqxlpad,whxkzhaonjaipjhxlxzd
dltsasxgadasuqnaemsh,oxusasxgadasuqnqempv
uorfsbbjjuqunmiewpld,hoyfttbjjuqunfiewjld
isyobgzytgjlgrtxvbnc,usygtgzytgjlgrvxnbcc
fculqxzpkzvvqplxovmy,rcclfxzpkzvvqpexojmk
taqevivbxekybdyqfqqq,mqqejmvbxekybdyqaqqh
cgjladxebhjharwnohhw,dgjlasxebhjhamwnkchq
liaclntutstinvitlhfb,aeaqlftutstinvitljgb
chihepzzccykhndrxqhn,ghioqpzzccykhwlrxqrn
wtymlgibswzsrqmddsku,feyklgibswzsrqmddicz
wmfjulaegqzoqbomyczw,jmfjumaegqzoqbomsdts
cisivfrdhafkmdjlwobx,nisivxrdhafkmdglwhsr
uimzmutwupxyzpjhhxnx,kimctntwupxyzpjhqxjx
bvjnjmszvdpybbxsmxkd,ovfnmqszvdpyboxsmxkv
nztqzdwtvppurdzsepyo,kwtqzdwtvppurirlepyh
rojjxerpqhhjuvetkghy,cgjoxerpqhhjuoefpghy
hiinfbmnoqkuatggdddo,liylfrmnoqkuatgkddqo
ouqjznarwoywzfsuvgar,hmqcznarwoywzffucglr
xhguqmarlpognbqjvyja,drguqmarlpognzqsdsja
sgeierydojojcvmjgnwq,cgeierydojojcthjskjq
vsrduobagxurykqdvuwa,qdruuobagxurykqdvrym
sdukhipidtgcwtpavkuu,ldrkhipidtgcwbptvyub
uydlgiyvcqjnzdeazvvt,fwdlpiyvcqjnzceazvua
tzdhbbuourvfzniwyuwk,wztmbbuourvfzmywyuvk
pyvgpmtmkuccgrswhxps,zyvipmtmkuccgyswhlva
bbpyqydaczztivqhdzdy,objxqydaczztivmhdxdf
kmlrifrksgqvrvplryur,oulshfrksgqvrvplrvbr
cglnopketsgwzxwgcgse,wxlnolketsgwzxwpqgze
jhkdcpsgcnhsdlobthay,bhkdapsgcnhsdlowjuak
uinbhvnyqzmebkwahaum,piniwvnyqzmebzwchacm
gekvcgykjpkovaoaiswu,jeincrykjpkovaoziswv
zexqwnocrdbjptnvybfz,qexqjcocrdbjpgdvybqz
bsjonhqjpyokpjrlaygt,kshoshqjpyokpjrlaqlx
fhubnjopipomwzwoiguy,skubxkopipomwswoifuy
btthvtwuupglfwcpjgfi,ettvvtwuupglfdtzrgfi
mhdqxggvaxhrmifhykrt,uhdqxrgvaxhrmsgxyrrt
msubonzbvslzllgmshwb,swgbxnzbvslzllfmspwb
oxbcadkubbrijoucseyi,kobvadkubbrijoysseyy
byoyqtjhgsjgwostbciq,ywyyvtjhgsjgwqsbbciq
itpfksuyyszuqqxglfne,otnvksuyyszuqidglfnv
yjembtujawwfmozxoylh,dyembiujawwfmogweylh
cuilplfhlifzuickrqwh,luslpofhlifzuwcdmqwh
qpaatuovsjuxqpqtmfnc,jpvanaovsjuxqpqtmjoc
juvpskuvxtgjxohejsgj,wbtppquvxtgjxohejsgv
izxxgkbeotjmjitdihtk,azkogkbeotjmjysrihtk
ajjlliwzjdsdgtnavmbz,nkjyxiwzjdsdgtfavmbq
xkmgchlxmowgrqepbprr,cimxcylxmowgrqcpbprg
gfqtcbpwlcmwioftpqiu,nfqtctpwlcmwiofcwqet
qgoszrrqzosbbydcawax,hgosxrrqzosbbytczzgx
cogpdeddfhrvfyoxntgv,lagpdeddfhrvfubkntrv
yrtkxtdjxjdfaqngtqkf,orakxtdjxjdfaqugyqol
xuzvxguigfzjuggrdfrz,ruzwxguigfzjugrrqwri
tobmdteicimuoaihqbcv,mxbmeteicimuoaiuqecs
xpwvyrroizjcvvgknyom,askvyiroizjcvggknyoq
qcunmmeboozeuxtdgplj,mcynmmeboozeujydgpco
zyzctwooovodvuexwqqe,bunhtwooovodvueywqxe
nohjjtrlqttdsxdcuxjy,qshjytrlqttdsxyycxjy
zncdbarwbkyehfqcplkq,jngdbarwbkyehhqcblvh
rueallakmulrutdfltvf,lpealwakmulrutdcjtvm
qtehumvmtkjdooiwcziw,ekutumvmtkjdooiwlzrw
jiihmykpgddwgrbjpjcl,ldfhhwkpgddwgrbjpncl
msffszbeeytrzaigxlzv,rafnszbeeytrzairxazq
doztwhufsweroujrrlzr,ioztwaufswerouqrqpcr
bfcfmsxicrixfafwdjax,hfcfmfxicrixfefvdahx
hzazltpayjzscjlcanit,nzahmtpayjzscblcanni
cnizsleuzzbvusdfcmcn,kaiznleuzzbvuydccmcu
gunsspihimraurnbamza,chnsbpihimrauenyamzo
jrqfgoqjdasnjbcxuhzv,zpfqgoqjdasnjbckuhzm
hbkbujaegwhvsyvqqxtf,bboqujaegwhvstvhqxtl
klnvmkwyvwpmlsibyeqd,vlsxmkwyvwpmlsidyenn
udxzsptydwfmovxkckxc,vhxzsctydwfmopxkskxn
nafyvotkmrjcywpkrvln,itfhvstkmrjcywckrvlj
iaauhkazuvmlaqnimxnv,grauhaazuvmlaqnimpqe
oqcjfbxhqokwbkmzxrol,cqpjupxhqokwbktzxqol
afkolrrrvbrwdfydtnlo,ffkojrrrvbrwdsddmnls
rnzhdmxmsdiibxhyvjme,snzhwixmsdiibjhyvzoe
qdrnplotawghqclhfnbp,cdlpplotawghqcuhfnhq
bpqvbqmdhideatsanbgm,yppfbqmdhidealpanbom
pscsbolmwasnkcaotpjv,vscibolmwasnkcaforsv
pgydurbygmbfttsyawuv,byydujbygmbftasyswxv
laeiwfmvclimydczstmu,bavfjfmvclimyjczszmu
lkwrndwirctotqzirlmi,oswrddwirctotcmzrlmi
nazvxsssplenpmrdkfnn,lpevfsssplenpmcdkfjn
zowlkdzqiusbvdyqxvbv,kowlyfzqiusbvdymxkrv
vbkqvkkutstlkijpeexq,fbbmvokutstlkyjdeexq
jiwcvwvnezxpbaidykni,ylwkvwvnezxpbeydyqni
tttkqfrttqbravhriybw,gjtkmfrttqbraqhrirbh
mtqqihohcympbhideofc,gtsqqhohcympbhyvvofc
myzvrnxovtfxjeqnkdny,bymlgdxovtfxjeqnkkny
rjmridvuxxsmosenoxwf,ntmridvuxxsmosvnipwy
mmahhwsadvjhcbiyclcs,epxhhksadvjhcbfyclys
ztoatuvpdaxcxkjbeskj,ttzaduvpdaxcxkjwlskd
qyvyntklzkhhehrkleau,bnvrltklzkhhehrcdeau
vlwxatvexqoizwiflpim,clwxdnvexqoizeicltim
jdpkgmojsoecpgmpajdi,skpkgmojsoecpgmpriik
lxpldnnghhsafzazlymi,xxupdnnghhsafcamdymi
rshpgvhfuobkoddsamdm,lchpgvhfuobkoiuyahdm
cosspudsxiweilabsxyz,yosswndsxiweildrsxyb
gvfqjcqlhtleccclrlpl,bvpqjlqlhtlecxcvalpl
tsaumdgpimzlpelufwou,psapmdgpimzlphlozwom
gtphxfblgymaayybywqp,ncphwfblgymaadsiywqp
dmcoypbqftqelmdwlcqi,bmapyrbqftqelmawlcqt
czjedaonlgtxuxtkkpyp,fzjodyonlgtxuutkkeyr
fryrplyvaomzwjoyzrdh,nrynptyvaomzwhkyzcdh
twnuvhbhhydrgsnvkcyd,xwnuqhbhhydrgsejachd
emrxsvmznfyebqaxoigl,amrxtkmznfyebbhxoigh
svwwtsyvcoaashmvbkew,ocmwmsyvcoaashmvbtdw
evhxtgphbyfotsfkwxmc,vvhdtgphbyfotsmeycmc
pkczhghejholurapquke,lmckhghejholurayjukf
runubihcfrccsxigzboj,ywwebihcfrccsxidzboa
irajbrlyypmkxeysehth,klajfrlyypmkxdhsebth
zfpbphfyulmfjcqazkzk,aepbyhfyulmfjckazkfh
wsxsiuqgrxcwtkwrrrkl,qbnniuqgrxcwtawqrrkl
rjiszedcrcavnuslsdpa,scishkdcrcavnyslsdua
kkhfxdyepfptkeqzipab,ekgfxqyepfptkeszifnb
tkhppnebhtskwzcfyhib,ykhponebhtskwzcoztim
mjbclccrifghawqpaqsa,psbclqcrifghawquaqhx
nzknhvvsuwgydfroffmn,zdpnhvvsuwgydfcpffmr
ochljebplrzdnchgavqq,qckljebplrzdnphgccqe
waenqjxuwdebvprvyvyh,sadeqjxuwdebvmrvtvjh
umbslpdtkanfptfpgmqm,fxbslrdtkanfpippgmqf
ayewwjlvwrkjuhketdyn,dygwwjlvwrkjujmeddvn
uzyofumfktoanyzvqadx,zzmvfumfktoanszvqndn
qynvnltympyrsvfglgjx,myajnbtympyrsvpflgjx
xwbocwbpvpeftrywvppn,enepcobpvpeftrgwvppn
tpjtyvegsyhzvbtwpgbi,qpjwqkegsyhzvbbapgbi
hxnduwswizmrkviizuit,yhipbwswizmrkviizsit
nvlqmdptjzgokbgfgjlk,dvlqgdptjzgokngnijqk
kdrgptnauxnijgkpxyvy,ndrgpanauxnijgipagvk
elfjveyborakzpjnepxc,glfjieyborakzhggeplc
kfkztzrdwzxazeemcmpf,zfgwtzrdwzxazeekctpp
ivwhurimrfiwkqlzndds,ucwhmrimrfiwkorzndss
vmbpiyhggzlnfscuheop,rmdpiyhggzlnficaheph
spdxhbaejcifnsgddvjk,yidhhuaejcifnsgdwvpk
kjqzyktzbnzaztxoizmn,qixsdktzbnzaztxoizmd
fcmmktzkgwmufwinkpcv,ucmmktzkgwmufwxnomkp
xmxekehsyrgibeqztgzr,omxekbhsyrgibtqbzrzr
talviznuwtxswduhmovm,dalbpznuwtxswdjpjovm
wgjfqiqvwzbeeyatblnl,igifqiqvwzbeecavblwo
ljryzndoqdiydwfwhmjw,tjryhudoqdiydxmwhmjn
fjhkslqrdqehafkeobru,kmhkslqrdqeharmebbry
ipetecltplahopsrxjbv,hpitgcltplahogsgxabv
kimvmlcgwpyyzdacalsw,tiwvmocgwpyyzlgcqlsw
ytolksblkyfomqncrefb,pdogesblkyfomqncaexb
kaizuopudlkceblwigfs,qaqbuopudlkceulgigfc
qcvqxchnteayrgffkukn,ybodxchnteayrsifkukn
axhfuhhtcaejpdemilfo,vxcguhhtcaejpdeuilxb
frzawzglvilpyzafjubp,wrzaqzglvilpyfafmugu
ibktasqfuxblozdqvbvb,lrktjsqfuxbloznqzbsb
tqqiwyfmafponsqgbslk,rqdtwyfmafponsqgberv
icfmhxrlhsijmfaxnhqh,lchmhhrlhsijmlaynpqh
cmirmovmsfphbpquwrze,knirjvvmsfphbgquwrzk
ixomatmvwjayppturzkk,obomlomvwjaypstnrzkk
uowzmymfyohlaxiodgmq,fowzmpmfyohlaxrsywmq
lxmbldfdholetsqekvpy,szmbldfdholetjqdcvgy
vckfkrwzwuffkhgapnba,bckfvtwzwuffkhpmcnba
avpwjtakwfwgvvzrplnp,shpwbtakwfwgvqyrpnnp
nnhauhsmmnhdehznzkfb,plhbuwsmmnhdehznjkfm
brjlfsudqraglmclwctp,trjlosudqraglmllurtc
gsjvuhghonquhuytlpsz,vwjruhghonquhuyqejsz
rtephhqvwptqkflbovys,jteyhbqvwptqkflbiwyf
uxaeqwxgmduhcphkcnfs,iiaeqwxgmduhcbhkvbfq
euncinhjzalqflztlzzz,auzeinhjzalqflzhluzt
xavkjjafeylgcftonjah,vaakjjafeylgcindnjad
bvnptnizbrhkwwbcqllt,mpypcnizbrhkwmbcqlat
liogoizolbooookwhgbn,mvegsizolboooofwhpbn
tpvjweueopyyixywxoeb,mpqjwmueopyyixewafeb
jhmplsjwcmjjagfygfao,thjpmgjwcmjjagfywfaj
pmkvarffseeepwavrpxk,tmfvbrffseeepugmrpxk
tizqfzvkozfwtrqwsoci,liuqfzvkozfwtjqwshes
xiaeictlypublvkyagad,moaeiwtlypubljfzagad
anmfsmfbxashrfawmxux,enmfsmfbxashrgjymhuj
sdzpplrxkvtzfwqypfjt,bkzpylrxkvtzfipypijt
herdaupyxobokqcdried,ferdanpyxobokfcerher
sdqgjlspyqbezdzlslgj,hvqgjlspyqbezdflepgk
blqwuxkyeheucloaoyln,qlqeuckyeheucljgoyfn
wqjvyfqljcpyecelhqpc,ytjvyfqljcpyeccntwpc
fnfutxobiwtaqlbiohwe,kntjoxobiwtaqlbuohwm
pjvudyfhajssggkicnfe,iovuxafhajssggfilnfe
kdvtibmgbgcyzrrmkhmr,vlvtfbmgbgcyzrrqfhlr
solbfeeiwrkshlzxgiyp,glabfeeiwrkshszxgijv
dtfipduolhtmhqenmooo,qtliljuolhtmhqeavooo
stbeupxasbnjdreknyaz,btnvuyxasbnjdrelnysz
nvffkhqkalhofrrmbxxh,evfakhqkalhofbrqbdxk
snpcieukfozantaqmyzo,rnjcnqukfozantlqiyzo
yianmxsezpwfcfwzfnwi,fcjmmxsezpwfcflzfnsi
whagsgpcmsddzjbtedao,hhagkgpcmsddzjpbzdae
tqytkkaibphkaygzyfra,eqetkcaibphkaygylfsa
gdwwhkvumpxazpwvjlih,ldbwdcvumpxazpwoplih
lfrmwewbfemgnadjojmd,mbvmuewbfemgnsdjijmd
lrqsuxtkhtlkqcvnwxlp,yrdopxtkhtlkqcvkwxlg
kpftgijlmgshdsgxlzvh,xpcxgejlmgshdsgxbsvh
jzyutatkpkzesubbvoeo,qhymtttkpkzesubbviep
dgcotkeesjwxzaelrzjb,mgjotbeesjwxzzelrgjs
ajlmxaksqtyjnpezqqbm,mjlmxtksqtyjnpezgzou
xpfyacdtpomovtngafke,yjfyahdtpomovtngabvs
cbcbxgkhyhopcjalslrz,rtcbxgkhyhopcivpstrz
xzhznqissxjxpcfaxplm,gzhnnqissxjxpcmewpum
xhfepnxjppdbpoyyfoxs,vofecaxjppdbpryyfoxy
nmmsxtldtgwottaiojyr,dmmyozldtgwotbaiofyr
megrtpenbhcdzbfzweza,negrspenbhcdzbeyteia
izwpunvqaeffhyxychnd,alzfunvqaeffhyxychoi
ecblnqfpqjvupjnpjtzy,jrblrqfpqjvupxjajtzy
ccudiimqjaeuufbbohnl,dcudsimqjaeuuhbcoqne
ybwiqyhszbvpifibgaqy,hbwhkwhszbvpifxbgaoy
npmnzligdximhyharmyr,zpqqzligdximhehargdr
fbissyuehudvdqbrswpl,rbfssyuehudvdrbaknpl
lfjdnsfolvoqveialodb,ofjtnafolvoqvjialojd
zpiwcjscglkgtjgrrpwp,chiqcnscglkgtjgrixwp
gsbmyqewqqhjkxhykizc,xsbmycewqqhjkruyvizq
lgynlbheomyjtgsmmvxg,bgywgbheomyjtgsmxvic
blrihqgipwttpdmwlhcw,wyrisqgipwttpdmwnyiw
hnrszzaixabdmfspcjma,rnbszzaixabdmcibgjma
jvvwlwehrxwlfvqzqlqv,nvowlrehrxwlfrazqlqg
aesjsimmrpdkgjufldtq,ioxjsimmrpdkgwufldzh
yiekjxowsyallafxavim,zievjvowsyallsfsavym
uodnxwtkbgxrozjknhgx,pcdndntkbgxrozrknhgc
ythoanelvscnodzcaczk,ignoafelvscnodzyaczj
udnpkfiiuvuvdjwrgrwh,ddnvafiiuvuvdjprgmvh
dfkeskvkdfhvbzhcejhy,cfkmskvkdfhvbzqrfjha
bqigujilzaqexynvvgly,xqwgejilzaqexbbvvgll
fgmulcfshkabqunelgbx,ctsulvfshkabqunefgbk
vxkfjopdpxgzuqiczkog,qxfajgpdpxgzuqicjkkg
yvsfvwisnrmuneenobrf,nvsfywisnrmunexngmrj
jazcomexbheurlpikqms,sascomexbheurxoiivms
ibawjxjwsxjqlsngqhfh,qgawjpjwsxjqlsngzyah
xnhdfcfgtpoldwhzbugt,oniflbfgtpoldwhzsugt
hlifvgumyqodzbmrlvwd,zjicvgumyqodzborlrad
kyibyhsancgdmpgtimfl,uyksshsancgdmpgyimzl
ypwgqtcoyndzxmsapaar,hpdgqbcoyndzxqsanaat
ojtsnmxerfvjmmigfnfx,gumsfmxerfvjmmdgfnyx
lytorukjygnketqdycen,vktorykjygnkevqdhcln
fysqxvxsatwhbukutfxl,mywqxpxsatwhbzrutpxl
zggwkrpttlrtwowrhups,hggokrpttlrtwolruyas
muvhpmirhowopequfswf,uuhtfmirhowopequbswm
oufdbintstklyusqljxs,iwcdetntstklyusqljxb
yuwvpmmbbwjawbohympc,oufvppmbbwjawbaxyvpc
dyoblehonjlgbdlvriru,cyobxehonjlgbiiuniru
mywlqatyzkgshpreobjf,yywbwutyzkgshurxobjf
psvkryoyslxzcnomgeyh,asvkkuoyslxzclomgbyw
wgycbntzljwoysjlclkl,lgycbvtzljwoynalclif
gxwzlgnbcqdnwjenoywf,kxbtlvnbcqdnwjedoyff
vqjjfjafbsojtmhjvasy,lqjwfdafbsojtyhuvwsy
clnmtbwqijxvarvqourt,rljbtbwqijxvaovqvprt
mbncgxolsyjwlkylsxdw,hovzgxolsyjwlkylcxnw
tolpehfifawazzhvzwjs,wojqewfifawazzsvztjs
lbnpnvnsunubekgaweof,pbnplznsunubefgjwewf
ziiligfrugnadbdwllnj,liqxigfrugnadbdnllhp
geshcxmzfydginmslkiz,meshwxmzfydginmsyrtw
obljknhulyzmieaaijsd,lblaknhulyzmipuaiwed
bmwmqtkyemhqdgdifzxk,rmloqtkyemhqdmxofzxk
mrglpdbcvfkgpaqicdju,xrplvdbcvfkgpaainduu
knihteqaezbecmafawko,lnkbweqaezbecmhffwko
vtxjcnibsetrslnjkawq,xtxjtpibsetrsqnjkidq
jfuhgjdocdxngpubmmut,npyhsjdocdxngpuzmcut
kcrdfpmqzfbdhpgfeytu,usrdfpmqzfbdhpgffwpm
skygzajknhcolewacqfk,fkypzajknhcolxjycwfk
enwzxmqaxdiqkbghdxmx,nagsxvqaxdiqkbghfxmx
fvpsbnucvhjtrlstfljh,wbfvbnucvhjtrlstflen
xkskvlkvesniyexloexh,qksevokvesniyqxboewh
qqkelgxozwpejxlrqdhl,xqmeljxozwpejgurqdbl
fcbojfrxedqsakmrsyem,ixbtjfrxedqsaufrdyem
xwfwllrbmeqxkzcrdntv,zwfwllrbmeqxkddrtndz
xixaqrfhvnkjnxlwqzit,hixawrfhvnkjnxlwvumk
kusivogededejblqnwyr,mesivxgededejplqnqyc
azxdrhqkvedyakjjdidu,lzxdhbqkvedyakjwdddo
cxdhgdqanzpposahrcor,fxdhodqanzpposzvrgcr
annvmnkilonsudehapxd,ynnpmnkilonsuaefolxd
bemnnudxrymkodzytzyb,hetnwudxrymkodiqvzyb
qekloibczdxlowkkapix,cekleibczdxlowopalij
qytqxhfvtabkiqhjealh,aytqihfvtabkiqhycazm
suqdltzxuutgxqosyygf,wbqdqtzxuutgxvvsyygj
prsbaqjqkgmrvurhaqft,ilsbhrjqkgmrvuhhaxft
ptmfsdboathwlcdasgxd,abmpsdboathwlsdaszud
rgftkbednfwcfepdyqnn,shfqxbednfwcfkpjyqnn
rrrllgiufwacvzgkvida,proploiufwacvbgjvida
qpituivsxhoqasoxawok,hphvuivsxhoqasmxywvk
ftouphftzdwmcbvuqkns,yyodphftzdwmcbtzqkxs
ajfhxzisetuagnbkymxj,brgwkzisetuagubkymxj
obfzknvsfawrjvppcmhm,kifdksvsfawrjvppcmpv
hhsxmuwsocugxajhmocj,ehuxduwsocugxajhmpel
mjooigpjozinrafylvof,qfooigpjozinrafyhbrr
bdgzvxwsvdmjtarmroeq,cahlixwsvdmjtarmroew
sksvbpjavsdbkzcwomqv,xrskipjavsdbkzcwhmqg
ltnukhuxhfxttaxmiumu,ztnukquxhfxttlomiqlu
pveqnzijcbmpofdapqgd,yojqnzijcbmpozdrpngd
iussewvdamnndegtwspa,jucsawvdamnndegtkfpd
iubfmabifqbdltzkpjlr,bubomabifqbdltpkgepr
kcfgrxuvohmrdsttwvix,jcfgryuvohmrdattxvcz
norvmaanfsuypdvglqtj,hirvmyanfsuypdkglltc
wkmhfkjubvguoycrpphq,jkmhfpjubvguoyvrpqdm
huvqvdysaauzthufpkda,xuvqvdysaauztzuuqlga
zerqrftctqnnrjjahkky,qedqiftctqnnrcmahuky
xzjyihojutvaqpyxiygi,tzyyihojutvaqtyxdigj
nohrrmeoietkbevggtpi,djhermeoietkbevuztpg
uqkcrblgdbueyeyvpvfg,dgccdblgdbueyeyvpwfn
flufphdfrjviuegpkdij,kelffhdfrjviuqgpadij
tfmnqozghciqexehqzdf,swmndozghciqeqektzdf
vitjfrxzhdflodomprld,qiqmfrxzhdflodfmpsls
vfipkvgbeqbnieisjnel,aftppvgbeqbnidiejdel
olsaowkacxoalcqsgfcr,tppaojkacxoalcqfgccr
rlrawwndsnyfwrkcjblj,clraekndsnyfwrxpjslj
iqsxmjvnknezdfobhvwe,qqsbucvnknezdqobhvre
nwzwulxwmgcxhhxgnazu,ywzwuvxwmgcxhhkzpgzu
umlzwmagpsymkyvbwkfq,cdmzekagpsymkyvbwyfq
soshtrxuysfhexplxffk,poshtpxuysfhexbmxrfx
acaqpyvqgrdirvplhtmp,mraqryvqgrdirnplhgmu
zhxhgoawaxgepgrwflux,whxlgoawaxgepcbwfrpx
pjxbukelzwbbloasunpd,ojxyxkelzwbbloasulhk
utaaxyslgmjnjdzsteml,ttayxyslgmjnjkzsassl
wamksngoafxcyiergxyc,lamkhdgoafxcyoerjgyc
idvjmrgsblctovmgfwto,rdvjndgsblctovugfwmh
jvveqqsqzrfdizuoclys,qxveeysqzrfdizuhceys
ewfkthykopzrcidhftge,mtfqthykopzrcidvshge
lelykmggonpuwhsmpyzf,xelykuggonpuwdqmtykf
fmfmmwlwerzbvsredcvg,wmflmtlwerzbvkkedvvg
tkwieafkmatypybuvddq,lkqgeafkmatypjfcvddq
sdkcobsbsuhdxmbescyx,qdfclnsbsuhdxmbbslyx
kibxqackitqfvrwfgrwd,yybxqackitqfvrkfccyd
wwferuhepeplvwzxqqno,gwferuhepeplvwtuqccq
bmwjkdlbtxweqxyvdzll,hmdrkdlbtxweqtyvqzkl
zfgusumdyhzltazeqyic,yhyusfmdyhzltlzeqycc
feeotweyxiewaxiagmhi,mejatqeyxiewajiagihi
kcyepzmjmskibgeqltfr,eaylpemjmskibgeqltbn
cbnyhpsciclaknyramsg,fcnyhfsciclaknoyamxg
isazfmcnjcajxvqezlxh,dsalfmcnjcajxvqeacdl
zvmxzadliixeasjzaswh,xvjxzedliixeasjzgsdb
qrpnjpmarpzzzmnxrwwv,krenqsmarpzzzmnxewxv
pswpcgnljebgfrtcpkly,clwpcgnljebgfrirwklw
xrjdmqhqhbjvcpgwceew,orjdmuhqhbjvcicwovew
gdrvdvyjncqvhdvqoxyi,bbrvivyjncqvhsvroxyt
cgdtqxbfmwgwruliqveg,vgdtqxbfmwgwrclxqrst
xvexeqqparcqewrmnpks,nvqxmqqparcqewroahks
ywbtuddoyvyuitdhdlkd,xbuebddoyvyuitxhdlkd
thjqgilydtruqjoiqwyf,fnhhgilydtruqdozqwyf
mpmqsnqkpuvunyilwimc,utmqbnqkpuvunyidviyc
kckoulqfqckwqkspvzxu,ncnlucqfqckwqkypvzxd
tlaxfteusqvsxezrspta,dlaxhweusqvsxexospla
qjjqfydeehozinakfzsq,ajjqwydeehozidjefzsf
dvoqncntsbareucbapmd,nnoqncntsbareubbaaan
khhxumbjhykryxlpeqjr,rpsxcjbjhykryxlpeqer
jqziskyfihjtdzilohsc,rrzirkyfihjtdzelohdv
tmjesumjpmynbslcxuvc,dmjoshmjpmynbxrcxuvl
pgyyoekfaqccbgxvbolg,manyoekfaqccbttvoolg
pbpjopkriyyqkuyhbrba,ibpeogkriyyqkaphbrbq
lwtvrpfxapfvtodhclbg,vwogrpfxapfvtldvcljg
fdfuaodslxcdkwjjbamk,edfurvdslxcdkwzbtamk
htkcinvryijxkonnssad,ypkcinvryijxkqnrogad
ykcbekvpsziarjuksghp,bmccwkvpsziarjukqglp
hpmmehirsmgzoskgqsju,spmxehirsmgzobbgqvjy
vlhmtwbvodegvibampnv,cqhmtwbvodegvivlronv
ftgrwlgftjurwyxpuxdu,htgrwogftjurwylpqcde
dplmrgkdfgxwfccekipz,aplwtnkdfgxwfccikepz
gsxatzitzveaizsfzhyv,usxhtzitzveaijffrhgv
txpnxqybvlryqlmlpxrv,sxxnxqybvlryqlulprfi
hsijkywscpfgwxcfyubq,ysigllwscpfgwiffyubq
qdosrpbpfcrncccqjrdn,xmosbpbpfcrnccmqjkwn
mnvdlbmsakfexslrdvrs,unvdfbmsakfexflrdedn
txlwavkhwceltxmhmtor,axgnapkhwceltzmhmpor
rfjjyvwpaaeyxjyevzxd,tsjlyrwpaaeyxjykvzxh
wqnxrjrmfkljtbkkobna,bonxrurmfkljtakvjbna
hugephliswcrobyanptj,lugephliswcrolmdnetm
lciqfichnkzjfbqwepob,trcqfichnkzjfyqmepos
wpmqwvlwcablhktijcmc,xqmqwllwcablhkmijgmu
dvpkbtjkjrmusoseeqxj,khpkbljkjrmusoteesoj
vieozfbqjotdgvyzhyhw,qzeozfbqjotdgsyhhitw
hwtsbgltjuypgwgkhlkn,fwgkbtltjuypgwxbhlkn
jcohiwrpgzjicgwzblvn,zcohiwrpgzjicnwudivl
yqcwgtscuviuzervrpqk,wzcwgtscuviuzeovhpxw
ljxxqnymaqjbdsxnimzw,scxqqaymaqjbdspnipzw
vosueudyypwgjarpnizh,tosvpudyypwgjpgpnzzh
mlubpgryjwszbysdtsqc,wlutpgryjwszbouftdqc
jbbgsejyzbqbvcmwfcrk,ybbgkejyzbqbvmmwfwpt
zyfslgliaynhakypxwhc,vylzlgliaynhakygxfyc
jkdhnvytdcfowzhkjaif,wkdhovytdcfowdhugain
wwqaypskoriuzuxiinnn,ywymypskoriuzukikrnn
qgukfjponvlfdlnwykbt,xpgvfjponvlfdljwmkbt
xjdwenycwyyznhbgxdkv,kndwezycwyyznhbxbdbv
whhjajyfqkswxihvbmgk,tkijrjyfqkswxihvbmmw
pcoazwiapmnnhdldehxy,xdoazbiapmnnhdudigxy
ruboihjzuwzflfggzbwk,upboigjzuwzflzrgzbwx
yddszmmiyazsegiduftk,aldsjkmiyazsezidufxk
oeejltcnfldhxxwmoxjw,deeilscnfldhxylmoejw
wxijgeqxvqpnelmkpivo,xxyjgeqxvqpnelpygiuo
cgybpzqxsxaemjzgaidm,qoylpyqxsxaemjzgnldm
oivdvrwsccscgifrzafs,cavdprwsccscgisrynfs
ubokjprmptkrhnythbqc,xaokjprmptkrhnlmfaqc
qlnauwtzkqpnaigwhqhb,rlnruwtzkqpnaugpqwhb
pejksipbalxvirsvmztv,cejpjipbalxvirsuaztw
zpggvydhzvoycbwfzuhi,opggvydhzvoycbwyvowg
balvkmmjxjoelvpfhvbl,xalxjmmjxjoelxufdvbl
bxnnzbxkupvebwciagdp,vxnnvjxkupvebwfisgfp
ousyidvilnjptztcctzu,susyjbvilnjptzkxcizu
jiczpjwsraijjubrqzps,qsczprwsraijjubjgzqs
ixfeoqtsgcmltrwxzaph,ekserqtsgcmltrwxzaff
qvagwdbfjftujabtbjgc,kqzmwdbfjftujnbtbjkc
hxqifoemclklvslizkup,lmqgfoemclklvsmvckup
mxosnyneqjgbpugprcup,hdosnhneqjgbpugprqzl
vkcojhuysyjsyqrdnlqj,akcojvuysyjsyqrfblmf
ltckomvskwakayjdiezu,vucrlmvskwakayjgieze
utsyaqiyffwydtsckgwn,nisyjeiyffwydtmckgwe
iqdneqrynpwfyilywcro,yqexecrynpwfyilymcho
isbgwppsktbevzoxwzwd,hsblvtpsktbevzomqzwd
irgthrtxuiyhvuyglzts,nrmohrtxuiyhvuygklta
wwpwfjuzteiauhknsjdv,jwpvqjuzteiaulknsjoh
lnkfobismpwrznihagwb,omkfobismpwrznodaccb
ftxeafwekxarpyxdplga,abxracwekxarpyxdklgd
mhhfzjtbrfvhjdekosas,yhsfzjtbrfvhjjxkouhs
qqtwsxvoxtgdsqjnasto,nqtpsxvoxtgdsqjnhqlq
lvugxgvcxdrubbzamwwy,avphxsvcxdrubbiamwby
osclzduddyrajjwcsjft,jgjozduddyrajkwcsjfm
fgoaucawgwyesuvusdly,qgmaucawgwyesunnidlh
ieakyeuymyqzcencivbt,ceakqeuymyqzckehivbh
nkgxiirdsagbxuflyhdb,pkgximrdsagbxuniyhke
ewzdcatjnkfrmmbwrjqi,xndtcntjnkfrmmbwrjqj
lsypenbgpaetvdfdrbcd,usbpngbgpaetvlfdrbcr
jmfpabewyotctmdwgrjs,mmffabewyotctbqtgrts
jbpjwgpvzrwpzseoxuya,rcpjwzpvzrwpzgerxuyu
ibezmnhhycgjsfszlofx,rbermshhycgjsfltlmfx
ocsqrosptrpbzeqgufxr,ecsqeosptrpbzzghufxx
ktucvdxwqffttdzuvzmg,qiucvnxwqffttddxzzmg
ndjfsxmltnjlvcaknfjc,vdjdsrmltnjlvcppnfje
kjizfzgfqkjsvyvwipkt,ikizhzgfqkjsvxvwggkt
srhfsowolilgqulemqaw,hpbfsswolilgqdlgmqaw
xfcziitfzglmoauyikms,pfclvitfzglmoauvywms
roctrjtyakkojnsygoiv,svctrjtyakkojcslgohe
mwbyiygtxwtslxjtpwdq,qwvyibgtxwtsldjtnwaq
enjfpdqefmecmdlhpkrg,jnjfkdqefmecmxlppkwz
lpaaxhobtrxpzazwxfbu,ypaaxiobtrxpzazwszkt
gilhniflvzfkeknybfac,dilwnhflvzfkeknzbfra
afwdzngoqdmpyfgbhbid,icwrhngoqdmpyfgthbiy
sbchjuhnfjioucjsbjcr,eychjuhnfjioucrsihrr
cheldyzetdnoqrjmvoay,qqelnwzetdnoqrjmvook
ftajiqydhhcawdmfecmp,uiajiqydhhcawcmqecus
ifhcxpdfdbhntxrzrtra,ofngspdfdbhntxrtrkra
hcjzlbwvvwvufbvwoajs,scvxlbwvvwvufxvyjajs
fsbjthtmihkkdupsvpbs,hsjethtmihkkdjasvpxs
miqmjisgezrtydijyjry,xoqbjisgezrtytijybrm
pcnmihvwlzzuenfzxrbs,hcnmehvwlzzueavzirbn
ljpyieioygkwefwsrimc,jjvmieioygkweuwsremg
pcetnshhjmjeytavtmkg,scbzsyhhjmjeynavtmkg
mdgkfboehuzmsbrokfqz,dilkfboehuzmsarfkfqs
bmwiuxkevpnctbkrcaxa,omwyukkevpnctykjcapa
powarqutqvnkdqnhtiaj,bowabtutqvnkdunmaiaj
ekqmupigyufpxqgaelps,ikqmwpigyufpxivaeloh
bjebtfrwsdmqhkvnjqys,ejebtfrwsdmqhyhnpmyn
ocegnwcloukxyqhsvfhp,jcegywcloukxyspcvftp
fpgfnyykbibvzxlbboyx,hpcfdyykbibvzxobbowk
rxzyydsxsybfremjcxia,oxlyadsxsybfrxmfgxia
mvklvhfpkfpeelurpiiq,zcklehfpkfpeelurpojc
nymqxshoxfcxqfqfwdyc,jymvvhhoxfcxqfhfwdxc
gqxjogvtvszxcntvxucl,ebxjogvtvszxcntexjja
apmiwcxuspdyfzuabvfn,ydmiycxuspdyfiudbvun
ishmhdbfhthqsfjebokp,bshmllbfhthqsloeboku
qkcscrjzyqcqlpwrsrhh,akesyrjzyqcqlxirjrhh
ujmsbiidmwafixcigsts,vhdsbiidmwafiycxgsvs
ebmrtzxuyyeyaxooprci,jbmntzxuyyeyafoopswc
gsnaqamwjebkdrmrnsge,dsnajpmwjebkdhqrusge
smznrufvbfaefkjzidsb,quznwcfvbfaefkszydsb
rnpgywhnhdcnmplpkdcf,inpgufhnhdcnmptskdkf
qprbwvrghxdydlmyltxk,vprxuvrghxdydlmkltae
ncsfbqzkepxigpjlicgf,pcsqbqzkepxigpmlnogz
vydvsgdtrjnpeevmozib,wyzrsudtrjnpeevwozgb
fghxxakyjeqjgphhkbaq,ashvvakyjeqjgphhknoq
fhlazchmmrmkoqyxiqjk,sslazchmmrmkoqkntqck
lrbfoebpxeiiekpyfufl,grbwqebpxeiieldyfqfl
lbmbiehuqnulgyqcbxfj,jotdlehuqnulgyqcbxwj
oibycxhqhiqrqnveafzf,nibywxhqhiqrqnvngftx
mhmvezqrzwvvuudkqyuh,opmvvzqrzwvvugdkqkue
eoskurpucvjnvtyfbmvv,vaskuwpucvjnvtwfimvy
lkytosdqzyvctzsyzjdv,rkyctmdqzyvctzsyljds
vtkqqlmtrujerdfohcwj,stkfqbmtrujerdlohowd
uxezoywhuphzvlixwlru,bxjhoywhuphzvlivclrl
fklfdjkzrbrcnaevrlcp,bkffxqkzrbrcnzevzlcp
tieqtwxintajavefnkfh,pweatwxintajavegakkh
vnotaerxcjtjyglpjyly,hnhwvkrxcjtjygcpjyly
ydsmefsfqvpspwqdnsgu,idsyzfsfqvpspwsdnslt
wmdwgdqgjvwmyetahrbs,smdegkqgjvwmyfdahrbw
mhaaugbjzgyfvncmvvxx,chsaugbjzgyfvucmevfg
doztzqxguyzocpdmwvhw,uozpnqxguyzocxdmwbhg
bidobkmkyndlwktpyyim,qwgobkmkyndlwktmyyyr
fwuowjysradosuoopznu,myuswjysradosuwopdnz
gcndsiydietmhzrwyawy,olnrslydietmhzrbyagy
gkcrrctnihxfzcwllhcn,mkkbvztnihxfzcwllhcx
seqamoqkczqlrjqykdqc,kltamsqkczqlrjvygdqc
ygmkusrvgytomtmqgfuw,zemruxrvgytompmkgfuw
dksnuyqllorcaihqlils,gkinbyqllorcaihqlloz
olmbbghuqqaiozwtbbfp,ylqibhhuqqaiozwtbjbp
bcxkoszqyddjgskdlfyn,zccsoizqyddjgskulnyn
lfcgoefwfzdzafypxnmr,mfxhoefwfzdzaffpxvhr
sykjcuasyaflctqmztsn,qykjsuasyaflctvxzpsl
geoaeanuaqnvyxefwbuo,ogpaeanuaqnvynpfwbuk
lwzvhuyhaukrododdfgd,owzahiyhaukrozoedfed
ladewnkqpwrahlxbhkkg,mamewpkqpwrahlxjmkkk
icfuusganvaolfkvuhkc,qgfupqganvaolfkvuhvp
oidjzhewnjcqdtibvnhp,jcdpzxewnjcqdjibvchp
slciggctrfmqyxpujeyf,dlcfglctrfmqyvpgceyf
smjgemxtxfzgzqphquoz,bmsletxtxfzgzqchqxoz
zvflsarrewqatotoiqlp,wyklsyrrewqatotooqrp
gtnobgnebrtrvpbtwtix,utnhbfnebrtrvpbtflik
ljxgypqseaewnlvdbmrs,wjxiypqseaewnzvdlmse
swaawppcesjdzvrooohm,qwnzwgpcesjdzzroowhm
dhxwzzycojmqupbtkwro,bhcwzoycojmqumbakwru
iqiuritivubqszofejgx,dqiuattivubqsnofqjgj
rpsjdmyibkxhnrnxsuet,bpojowyibkxhnsnwsuet
mpoeuaxlolqwbbplybxf,tpsbuaxlolqwbbpfybqk
rhvqfvvyqskvlnnabxyy,hhikfvvyqskvlnkxlxyy
rccbecaofefjcnmiigga,zsgbecaofefjclkidgga
zpdeekngofjhrabkiqny,vzwecungofjhrxbkiqny
opgqkkbtsqurumpwagar,gpgqkobtsquruhrpagap
fadthfkkloplxzvczyjd,ixltifkkloplxkcczyjd
lxfffpfyerirnwlixuao,sxguvpfyerirnwliguaj
sgmglbeniaxcwtwoidpr,bgmelbeniaxcwbwoinws
zpemhnrzkzeltwpqyisf,sptmhnrzkzeltwlqlqsh
brjrjwpkjiqlidensxto,orvrvwpkjiqlifebpxto
hhxgbabslprrjzuuebay,baxgbjbslprrjtuuebnb
nqdieoowfyfkouozggcc,eqddjoowfyfkouokogco
stqtitxqsfqeyktcdlwr,ohqtvtxqsfqeyktxdlbd
imcebrxrlhhimubzcutg,ymcekrxrlhhimdbvouts
ozrzemyubaeghnbamgga,lmfzdmyubaeghnobmgga
npoovpfishlohgxybeyz,baoosnfishlohgxyneyw
fkauxzalfpgoplsekyey,cshuxzalfpgoplaejeey
kvtahkbdpdbmjfkbdlsc,nkjapkbdpdbmjfgbdlsa
sdaeqkhxucsgcabwkukz,fdtenvhxucsgcabgkukj
oxehltxzvtzkoigfchza,uxkwloxzvtzkoigfchlh
grrkhtttftofoyebgjwb,aredhlttftofoyebghwc
teuzkwifmcwwupfbeqwa,zeulkwifmcwwuhfmoqfa
qycawixjxbuvhsfdbcsd,zujawcxjxbuvhcodbcsd
lhnrvffekqrurwvpaujt,wlnrvffekqruravpsxjo
azcorfxuxxgpplemlxmn,xzfoffxuxxgppoxmlxnn
sanfmqmunvdwbxqadmwp,banfmqmunvdwbmzaumvg
mjgdyyxqrdjiptzqgzhn,ajodwpxqrdjipfzqgphn
yvoajcwfcauyksiywmpz,evramcwfcauykuiywdnz
ejwndqkgqtxojxrxuoav,qjwhdokgqtxojcrxuohe
svcrfrtqrhvjytxkyeuj,evjrfrtqrhvjylqkqluj
gplyzgwohrxyxxwtdwdd,jplyzjwohrxyxsgndwud
ashmwkamvvowmwevhrxy,bshwybamvvowmwevnrxd
frqoejmwbahohkabkjms,crfuwjmwbahohhkbkjms
hwnfkmqvdgxlzqrozrzk,dwyfkvqvdgxlzaqoarzk
tjmujrjamtgzfgetwhpn,gjmujrjamtgzfgenxccb
owvjbepyuzhgaeumkphx,awnibepyuzhgajuhklhx
ubwkhsotksehnektdbea,zfskosotksehnektwbew
dmsrcbpqqazfugxvmvxa,kfsbcbpqqazfugqymzxa
zmvlymfwbarxexdaplau,tmdlymfwbarxexyayfiu
zpzswnirualfyhyddrpg,xipswnirualfyhypdusg
qyvlhxgaqkbptpebzqra,gyvducgaqkbptpebsqrc
pceumvnpolprgnwtqher,eceumvnpolprguculhcr
nelqbzqsqqxzmdhfffyv,pelqbwqsqqxzmduffoio
fqpfiskczgsmtxhtrigj,pqpfqskczgsmtnvhrikj
luzkkjflkinacqxbewhr,xuvgnjflkinacqxbtwbr
ksaoujghphbthbqhamlj,alpoujghphbthbehvmlk
prxorpqkbqlxognhjgqk,zroorxqkbqlxogvhjvtk
hxeylnpodjwhvxyqevcz,lgeygnpodjwhvayaevhz
sdgrkvogvbkavnmgrpnn,bxgwvkogvbkavnmdrpnn
lrblsocznoowxatjpgjw,yojlpocznoowxmtjpgsw
rxyatcznpdkilgssuken,uxyatwznpdkilghnikpn
gpjjgnwuavlpahdyssvc,dpkmjnwuavlpahdussqc
cdnnflqbczeafsuyqlhf,tmnnflqbczeafcuydlcw
wsitqhzttyjcbbkeffez,rxiskazttyjcbbkeffbz
oruqdwizhqttqxowpmwe,xwuedwizhqttqkowplwi
yocmcolxmwmhwlxujgkm,wucmcnlxmwmhwkxuvgkb
nhoffgxtjiqoclgpascy,wuwffgxtjiqocbgpmscw
jlprodwejfknorqxlpus,zlpustwejfknorqxevus
eiatutkbbessvpfpxelw,xsajutkbbessvpfibulw
qxzcodifldgdwkwkuouc,wxbckdifldgdwkwkecfc
majstgxfzvlubeuhzvmj,bajgtkxfzvlublulzqmj
daqyykbvztsdfwlowsin,rrwyzkbvztsdfnlnwsin
uyizhdkblttmdgkvacmc,jpiphdkblttmdwkhacmg
qgnejowljbeecrrwaqtu,ngnnjowljbeecbrlaatk
lwvqigcajnpnyzoviulb,okzqrgcajnpnyzoviclv
vfyspwsgzjkzmfpjbfuv,nfospcsgzjkzmhpjbvnv
vsxtdljjaqositochhlr,isxgdijjaqosiwlbhhlr
ztnzfwqkkosnzmtlqiaw,itzzffqkkosnzmtlrciw
pyrlzufqzykbfclznbfc,fyrlinfqzykbfcgzqffc
tkxolmiwtxkrzjxhybpa,uxxoymiwtxkrzjxhjbaq
ktgeeafuhecxavokiiuj,phgeezfuhecxavrkztuj
vldccuurpzeyiuniirbz,endchuurpzeyiulrirbh
qizaeucdpmuonfodcyly,uizleucdpmuonbedvyjy
nkakakzjimsgsqjfpagz,bkakazzjimsgsqsluacz
ysqeioesoyrgkkfigecy,gsqeiqesoyrgkkigjeby
atrmbxcwpibqqbfhzkmd,wevkhxcwpibqqbfhnkmd
ixrafrpkyaemyotwmbdo,axrfsrpkyaemyotzcado
gzmxcnixczkywxxcrsno,vdmichixczkywxxbrswo
ypvbaqdrpzfdbdzjhyat,hpvbaqdrpzfdbirxhyiw
nfmvilesbdatqdmagrzo,pumvglesbdatqdmzgwzk
jzzsyuvuowcibubnvjbp,pgzhyivuowcibqbmvjbp
youolqzrzwitcahfzeji,uoullqzrzwitcvhfccwi
ijlepbkfeihkztpaqmfd,gmzekkkfeihkzbpaqmfd
ywsvtudzpkadvahoyppg,gwybindzpkadvahryppg
wltmcvybyuudtxlhzdzw,rleyyvybyuudtulhzdjw
vvuvwupfwfnfraknridm,qvujhupfwfnfraknsxsm
mmrrnyoqdnroqmrxtapa,nmhriwoqdnroqtnxtapa
nwqsclpsamvvtchbdxep,iwlsklpsamvvtchtulep
cdidelpaurdprmtrcclh,jdgdghpaurdprmpycclh
bhtwdqdeqeftackqoiem,hhmkdldeqeftahkioiem
zhfskncztrtxcuzvvstp,phfsjncztrtxcuzbvtsl
snygjiqdbwhbzrmgmpuc,bmpgjlqdbwhbzhmgapuc
wtrkbpzmhjceglimiugr,gtlbbpzmhjceglomisgt
jghfsqdlgjrlpyatnkxk,asefsadlgjrlppatnkwk
criqgcpizbhmsvplmhdt,brdqgmpizbhmsvplyhxy
owgippuejpnnwtrqywlu,tkgkppuejpnnwirqyauu
zjxbrtxmzhkfaasqiugd,fjebvtxmzhkfabsqlrgd
mnmhsbanjxboghqqeptx,cnmvseanjxboghqqraox
ufrbxoypbgrmktkfygyf,tqubxoypbgrmktmfygkd
chdepbjzxsmxdumzvgdo,emdepkjzxsmxddmmvgio
qnewldpcxgljamkvjyaj,znywsepcxgljamkdjyar
mejwdnvziehjdsuduhgn,dfdwkjvziehjdyuduhgn
odzeqpwfnksaqkifxtgd,jdylqpwfnksaqdifutgj
kqftasxirmqgmhehdvcb,xlftapxirmqgmakhdicb
mfhmnrdfebpdusziswgi,gfhmxrdfebpduszieqrq
ygkiadqagmevnkyzveqc,fgnijdqagmevnvzxveqc
ohvipboqxfkmcwmzvjip,whqixboqxfkmcbqzyjip
uyrzyvtwjhpkyirfmlpk,tzszyvtwjhpkyrsamlpk
zrmdzdmixmmwgelhklrg,yopdgdmixmmwgelhjlzg
zmtcbldqwlvfclkpapsr,cmtcjzdqwlvfchkpppsv
gpubzqbywzxselsdzqjk,wpuhcpbywzxsegsdzujk
nifjsifgfuvfahwgpakl,gwfjsifgfuvfahbowvkl
rjynwdrqjcrwfmtmcgsh,vjyslarqjcrwfptmcgsd
posrtthdxqheixeajtws,imsrtrhdxqheixrjjtxs
kpvmdrvzdonngcbvxlnv,qpvmdlvzdonngtupilnv
yapbjshfhccwtsampmdq,cahujshfhccwteajptdq
frdensrhtdmpvldvalgl,ujdunsrhtdmpvldvcfgj
oqcylpypgopldrfxbiud,cqfklpypgopldrfxfywd
vyhkhmcantwoxgqondae,yyjkhmcantwoxgdnnraq
zeqfuiehxdwikcttrcfi,miqfhcehxdwikcyrrcfi
ayuksrwcegfcudzgofhf,wmjksrwcegfcudlgodwf
ciguqxlnvmlzewxjqodh,wigucxlnvmlzenxcyrdh
ddivbzpdkjtyojxifkxw,odiabppdkjtyowxivknw
evgwtittesdjizooqdch,pvgxthttesdjirooddqh
ijobioxaouoncbwtkqjq,pjocidxaouoncbotoqnq
lpznqxuxaxnzszwysspf,mpznfxuxaxnzsztymqpy
oeasukhqlirfwryxnirm,jsbsukhqlirfwhhxxirm
nxyyxkhmzxnzzikxpcqn,avysxkhmzxnzzwkxpcgr
mykbefbwrrdoasfyyetg,xhvbjybwrrdoasvyyetg
joawjmpszvrftjzczdkd,nhawrepszvrftazcztkd
ndxovefelmsioxxfmyio,pdxevefelmsiouafmoqo
lgmfssjzzyewakjupxei,bgmfysjzzyewakjkixgt
ebxyywougwyrhyynjrac,iixyywougwyrhzynmfam
kttqhzxjcxmhmybrgoji,nutqizxjcxmhmzjrgojd
umkggvaqfuhbkohgzvfq,fmncgvaqfuhbkvhwzxfq
osopqolvkikucuncqrly,qydpbolvkikucnncqrdy
gbkrjbbydaawxjkszxwk,hvknjbbydaawxjkmcywk
aejfvrpzxseoagxylrbv,xejsvepzxseoagxyfykv
zxkwdgtnxkysjeajzoyv,dxkqqgtnxkysjpmjzoym
qkdapzizaelfmahcnlnb,vkjapzizaelfmavcwclb
urzdxtxtxvayagqywpxv,vhzdwtxtxvayacqyzyxv
pkczvyrawwftdfjffsbh,zkczvyrawwftdkbftsjg
tlnlxytjhclfycgkbpdb,balmxotjhclfyogkbpdb
souxqkewiyjaldcvdmlk,oouxkkewiyjalxivwmli
yhrxwzuvktmdbzeezvfw,guupkzuvktmdbzeeuvfw
pubuqviyesiqeambmyhy,muuhqpiyesiqeaxbmyht
jcvwfyaftzfafzakozec,clnwfyaftzfafzckozoq
eekbkdgmdgkqmaqxhvwx,rekbohgmdgkqmarxhmgx
vukqkhckfhocnltgcblg,xukqkhckfhocnltrvygq
nztcwfwhrsecqekiedlb,catowfwhrsecqfkredlc
qcpsirqcpcwrobgljdno,lcesirqcpcwrouglnder
rytsgtzqxwrwuevzrxgt,cyjsgtzqxwrwuevqvxmk
jnkswaidpeqclyuwckqj,pnkskaidpeqclouwamuj
rrnsulrxoyoqrfzqfpnz,orwsahrxoyoqrfyffpnz
hxzloukopwakcenqekfl,nxsfoukopwakcentejfq
uswspdeopcjomqptjbuq,lsvvpdeopcjomaptjjuf
llyxisligynlxtijsdtj,ozyxioligynlxhigsqtj
mhmzoezadfteqrregpag,obczgezadfteqrrwgpyg
rjvetkjckoxwbkhoubog,pavedkjckoxwbxqyubog
vrgrfdyiybibeoqkbcgd,urfvztyiybibeoqkbctd
lqkwixaumluypyuergyh,jqkcjxaumluypguekgyx
gboxvzpoqqmjqqbxskkg,vvexvzpoqqmjqpbxrkkw
hmxlpxapvudostgiqtac,imxykhapvudostgiqtsp
nfiawksaytitmackhbky,qfnadwsaytitmackhdks
sxjgxhcalsrwdibqwhwh,nxdgjxcalsrwdrbqwbwh
ohbcnnvttznwrlzxywvd,yhjcnnvttznwrcfcywvu
hdqaulierwiqddxtgvuu,nxqgulierwiqdddogfuu
fsffdanwnvbawupbmmff,zsffdynwnvbawygbmjfl
eleipczrvjlwosovgmse,iejipczrvjlwosozqgse
bbfjxpegrftpthmzndpy,nbflxpegrftptrxzadph
wbafpzmloeihnohoegrc,pdacrzmloeihnwhoetrc
eadsrorfuemgsfteimvc,qmusgmrfuemgsfteymvc
wzvnsvpvpzklkpihvada,hzslsnpvpzklkpihnadn
uvcaexuchjlsojxzuqwa,micaebuchjlsovezuqwh
vxlvejnnbnjlfcdtqzmm,lolbejnnbnjlfcqnqzmz
fbdzswqcsemblgnuccle,dydzawqcsembltnucqce
hyimiaoqyucmeiacadev,tyimfyoqyucmevasudev
mxixgatrjjykaxmzwevf,cxixsatrjjykaklzwedx
qhemqcitpuczjyxluxki,iuvmqcitpuczjweluxsi
xmevupjwzusqfrlsnbrv,uqerupjwzusqfrlvkbrr
btnhhqicpteaxemtktor,wtchhsicpteaxemtoxer
vqkojxkekrcpsjlaktwx,kqkojxkekrcpsznmntwg
xehxbivrhypqycjmlfmr,iehxvkvrhypqysjkmfmr
aoacsazwspvalqdrrrwn,ruacrazwspvalqorwrzn
bnxkaairxyzfpomlrclf,zpxpaairxyzfpxmlrkla
xpquxszzzjegiysfjsqg,hpqhwszzzjegiyszjyqv
xwtnrqzmgswhploifmam,rwthrqzmgswhphxsfyam
olrxnuleyquqzfmjgfgk,glrujuleyquqzsmagfdk
crmuveyxugehrsgsdfqq,zrmttnyxugehrscsdfqt
wamkflnxtaegflzhaliq,qamnklnxtaegflznalvr
jbnwovypwjqygpuhshhq,kshwovypwjqyguuhahhx
lidzugorelfcyvfrqizb,zidhwxorelfcyvfraizw
oajkivracaevufyyzfaa,uaskjvracaevuvlyzfxa
eaidqzyskyzatjyqbynj,xuikgzyskyzatjyqbfdj
nyylsyeadzkoqcgpdbbt,qyylspeadzkoqcrpdpel
xklbaafteboqvobpaseb,zklbthfteboqvofpasxk
subauyfkuoiezhmrrhtc,xubaxofkuoiezkmrrrtp
pncaqczgnykqgarnvxvd,xncanczgnykqgadkvmgd
ngowoanecotfkktnzhkl,zgowianecotfkktshhuj
ypckpwttqeqfeovlwziv,fdcxpwttqeqfeoazwzis
ybwdjvuqbpexkpbhgzmw,nowdzvuqbpexkpocgfmw
ckemhwjqhvuauzmeicff,jdkohwjqhvuauyceicff
huadufddjuyycmwuwhlw,myjdubddjuyyckwwwhlw
gbyvullreisfverhsjyu,kbyiullreisfvlrlctyu
jrscofyskwxlpwevufgu,mkmcnfyskwxlpwevkxgu
cyuxxozscvdiphhzdtwu,byuxmozscvdipapnbtwu
lyoiceeqirpzdibdcikg,gyoyfqeqirpzdybdciki
fqriphathdolkfgiaaia,bgrnphathdolkhgiwaic
hkmvtbullwgyarvkapne,qnmsfbullwgyarvgaqne
oeowmmmzuficzyjndmvq,pvowmmmzuficzyvkdqbq
owvzmtnzzbyxbhekzwjv,qwtzmanzzbyxbhuxzqjv
oexaoxkzzffjamgpvdty,cexauxkzzffjawgmndly
wnvhyyyiyewbgshjbscq,onmhyiyiyewbgvojbfcq
auxckhplzehzgifbwsla,nyxdkhplzehzgiobwsxm
gmuqoxrjxjfzuizvtkfj,xmuqsxrjxjfzudzvikyh
wjaeclvbosfitdsxbtqe,ilzeclvbosfitdsjbsql
rbdkhpvkwitfarjrinei,zbdkgpvkwitfaejcitfi
djarivwtbefluyuigqlt,xjdzpvwtbefluyuigwlz
